{
    "name": "root",
    "metadata": {
        "timer_format_version": "0.1.0",
        "start_time_seconds": "1608397329",
        "python_version": "3.7.0 (v3.7.0:1bf9cc5093, Jun 27 2018, 04:59:51) [MSC v.1914 64 bit (AMD64)]",
        "command_line_arguments": "C:\\Users\\witse\\AppData\\Local\\Programs\\Python\\Python37\\Scripts\\mlagents-learn Dog.yml --run-id Wrun_7_noWalls",
        "mlagents_version": "0.21.1",
        "mlagents_envs_version": "0.21.1",
        "communication_protocol_version": "1.2.0",
        "tensorflow_version": "2.3.1",
        "numpy_version": "1.18.5",
        "end_time_seconds": "1608397407"
    },
    "total": 78.2778623,
    "count": 1,
    "self": 0.006008700000009526,
    "children": {
        "run_training.setup": {
            "total": 0.007629899999999967,
            "count": 1,
            "self": 0.007629899999999967
        },
        "TrainerController.start_learning": {
            "total": 78.26422369999999,
            "count": 1,
            "self": 0.15112990000001503,
            "children": {
                "TrainerController._reset_env": {
                    "total": 12.435299100000002,
                    "count": 1,
                    "self": 12.435299100000002
                },
                "TrainerController.advance": {
                    "total": 65.15897699999998,
                    "count": 6099,
                    "self": 0.06335170000021151,
                    "children": {
                        "env_step": {
                            "total": 65.09562529999977,
                            "count": 6099,
                            "self": 61.31704419999987,
                            "children": {
                                "SubprocessEnvManager._take_step": {
                                    "total": 3.7110624999998283,
                                    "count": 6099,
                                    "self": 0.11559349999967061,
                                    "children": {
                                        "TFPolicy.evaluate": {
                                            "total": 3.5954690000001577,
                                            "count": 6087,
                                            "self": 3.5954690000001577
                                        }
                                    }
                                },
                                "workers": {
                                    "total": 0.06751860000006893,
                                    "count": 6098,
                                    "self": 0.0,
                                    "children": {
                                        "worker_root": {
                                            "total": 66.78290909999996,
                                            "count": 6098,
                                            "is_parallel": true,
                                            "self": 9.78585269999975,
                                            "children": {
                                                "steps_from_proto": {
                                                    "total": 0.0004925000000000068,
                                                    "count": 1,
                                                    "is_parallel": true,
                                                    "self": 0.00024629999999881136,
                                                    "children": {
                                                        "_process_vector_observation": {
                                                            "total": 0.00024620000000119546,
                                                            "count": 4,
                                                            "is_parallel": true,
                                                            "self": 0.00024620000000119546
                                                        }
                                                    }
                                                },
                                                "UnityEnvironment.step": {
                                                    "total": 56.996563900000204,
                                                    "count": 6098,
                                                    "is_parallel": true,
                                                    "self": 0.41212870000031643,
                                                    "children": {
                                                        "UnityEnvironment._generate_step_input": {
                                                            "total": 0.26999620000018076,
                                                            "count": 6098,
                                                            "is_parallel": true,
                                                            "self": 0.26999620000018076
                                                        },
                                                        "communicator.exchange": {
                                                            "total": 54.759199300000176,
                                                            "count": 6098,
                                                            "is_parallel": true,
                                                            "self": 54.759199300000176
                                                        },
                                                        "steps_from_proto": {
                                                            "total": 1.555239699999536,
                                                            "count": 6098,
                                                            "is_parallel": true,
                                                            "self": 0.7844565999990518,
                                                            "children": {
                                                                "_process_vector_observation": {
                                                                    "total": 0.7707831000004841,
                                                                    "count": 24392,
                                                                    "is_parallel": true,
                                                                    "self": 0.7707831000004841
                                                                }
                                                            }
                                                        }
                                                    }
                                                }
                                            }
                                        }
                                    }
                                }
                            }
                        }
                    }
                },
                "trainer_threads": {
                    "total": 1.880000000653581e-05,
                    "count": 1,
                    "self": 1.880000000653581e-05,
                    "children": {
                        "thread_root": {
                            "total": 0.0,
                            "count": 0,
                            "is_parallel": true,
                            "self": 0.0,
                            "children": {
                                "trainer_advance": {
                                    "total": 65.22873180000002,
                                    "count": 4300,
                                    "is_parallel": true,
                                    "self": 0.16706430000040484,
                                    "children": {
                                        "process_trajectory": {
                                            "total": 65.06166749999961,
                                            "count": 4300,