{
    "name": "root",
    "gauges": {
        "Dog.Policy.Entropy.mean": {
            "value": 1.7281750440597534,
            "min": 1.7281750440597534,
            "max": 2.1968588829040527,
            "count": 23
        },
        "Dog.Policy.ExtrinsicValueEstimate.mean": {
            "value": 0.11623162031173706,
            "min": -0.010286758653819561,
            "max": 0.13795551657676697,
            "count": 23
        },
        "Dog.Policy.CuriosityValueEstimate.mean": {
            "value": 0.34372952580451965,
            "min": 0.26932406425476074,
            "max": 0.5281044840812683,
            "count": 23
        },
        "Dog.Environment.EpisodeLength.mean": {
            "value": 999.0,
            "min": 628.0625,
            "max": 999.0,
            "count": 23
        },
        "Dog.Environment.CumulativeReward.mean": {
            "value": -0.13800000660121442,
            "min": -0.23600001307204366,
            "max": 0.5300000043741117,
            "count": 23
        },
        "Dog.Policy.ExtrinsicReward.mean": {
            "value": -0.13800000660121442,
            "min": -0.23600001307204366,
            "max": 0.5300000043741117,
            "count": 23
        },
        "Dog.Policy.CuriosityReward.mean": {
            "value": 1.003719309763983,
            "min": 0.0,
            "max": 4.90257402910636,
            "count": 23
        },
        "Dog.Losses.ValueLoss.mean": {
            "value": 0.0010206681909039617,
            "min": 0.0010206681909039617,
            "max": 0.013622644357383251,
            "count": 23
        },
        "Dog.Losses.PolicyLoss.mean": {
            "value": 0.13708153367042542,
            "min": 0.1323826014995575,
            "max": 0.14873801171779633,
            "count": 23
        },
        "Dog.Policy.LearningRate.mean": {
            "value": 0.0003000000142492354,
            "min": 0.00029999998514540493,
            "max": 0.0003000000142492354,
            "count": 23
        },
        "Dog.Policy.Epsilon.mean": {
            "value": 0.20000004768371582,
            "min": 0.20000003278255463,
            "max": 0.20000004768371582,
            "count": 23
        },
        "Dog.Policy.Beta.mean": {
            "value": 0.004999999422580004,
            "min": 0.004999999422580004,
            "max": 0.004999999422580004,
            "count": 23
        },
        "Dog.Losses.CuriosityForwardLoss.mean": {
            "value": 0.0604618564248085,
            "min": 0.0604618564248085,
            "max": 0.24553385376930237,
            "count": 23
        },
        "Dog.Losses.CuriosityInverseLoss.mean": {
            "value": 1.6267699003219604,
            "min": 0.822732150554657,
            "max": 2.1916162967681885,
            "count": 23
        },
        "Dog.IsTraining.mean": {
            "value": 1.0,
            "min": 1.0,
            "max": 1.0,
            "count": 23
        }
    },
    "metadata": {
        "timer_format_version": "0.1.0",
        "start_time_seconds": "1608382797",
        "python_version": "3.7.0 (v3.7.0:1bf9cc5093, Jun 27 2018, 04:59:51) [MSC v.1914 64 bit (AMD64)]",
        "command_line_arguments": "C:\\Users\\witse\\AppData\\Local\\Programs\\Python\\Python37\\Scripts\\mlagents-learn Dog.yml --run-id Wrun_1",
        "mlagents_version": "0.21.1",
        "mlagents_envs_version": "0.21.1",
        "communication_protocol_version": "1.2.0",
        "tensorflow_version": "2.3.1",
        "numpy_version": "1.18.5",
        "end_time_seconds": "1608385319"
    },
    "total": 2522.683708,
    "count": 1,
    "self": 0.008813500000087515,
    "children": {
        "run_training.setup": {
            "total": 0.01695789999999997,
            "count": 1,
            "self": 0.01695789999999997
        },
        "TrainerController.start_learning": {
            "total": 2522.6579366,
            "count": 1,
            "self": 7.494971199971133,
            "children": {
                "TrainerController._reset_env": {
                    "total": 13.387229699999999,
                    "count": 1,
                    "self": 13.387229699999999
                },
                "TrainerController.advance": {
                    "total": 2501.2596181000295,
                    "count": 232212,
                    "self": 3.375615799976913,
                    "children": {
                        "env_step": {
                            "total": 2497.8840023000525,
                            "count": 232212,
                            "self": 2309.6315848000845,
                            "children": {
                                "SubprocessEnvManager._take_step": {
                                    "total": 184.69438299995238,
                                    "count": 232212,
                                    "self": 6.142588399976717,
                                    "children": {
                                        "TFPolicy.evaluate": {
                                            "total": 178.55179459997566,
                                            "count": 232014,
                                            "self": 178.55179459997566
                                        }
                                    }
                                },
                                "workers": {
                                    "total": 3.5580345000155145,
                                    "count": 232211,
                                    "self": 0.0,
                                    "children": {
                                        "worker_root": {
                                            "total": 2504.053606299993,
                                            "count": 232211,
                                            "is_parallel": true,
                                            "self": 426.65922860005185,
                                            "children": {
                                                "steps_from_proto": {
                                                    "total": 0.0004743999999998749,
                                                    "count": 1,
                                                    "is_parallel": true,
                                                    "self": 0.0002143000000014439,
                                                    "children": {
                                                        "_process_vector_observation": {
                                                            "total": 0.00026009999999843103,
                                                            "count": 4,
                                                            "is_parallel": true,
                                                            "self": 0.00026009999999843103
                                                        }
                                                    }
                                                },
                                                "UnityEnvironment.step": {
                                                    "total": 2077.3939032999415,
                                                    "count": 232211,
                                                    "is_parallel": true,
                                                    "self": 20.277273899876036,
                                                    "children": {
                                                        "UnityEnvironment._generate_step_input": {
                                                            "total": 14.202060000091421,
                                                            "count": 232211,
                                                            "is_parallel": true,
                                                            "self": 14.202060000091421
                                                        },