{
    "name": "root",
    "metadata": {
        "timer_format_version": "0.1.0",
        "start_time_seconds": "1607934695",
        "python_version": "3.8.5 (default, Sep  3 2020, 21:29:08) [MSC v.1916 64 bit (AMD64)]",
        "command_line_arguments": "C:\\Users\\yarit\\anaconda3\\envs\\ml\\Scripts\\mlagents-learn Dog.yml --run-id=dogtraining2",
        "mlagents_version": "0.21.0",
        "mlagents_envs_version": "0.21.0",
        "communication_protocol_version": "1.2.0",
        "tensorflow_version": "2.3.1",
        "numpy_version": "1.19.2",
        "end_time_seconds": "1607934788"
    },
    "total": 93.10266150000001,
    "count": 1,
    "self": 0.011237400000013054,
    "children": {
        "run_training.setup": {
            "total": 0.018178999999999945,
            "count": 1,
            "self": 0.018178999999999945
        },
        "TrainerController.start_learning": {
            "total": 93.0732451,
            "count": 1,
            "self": 0.13486899999969637,
            "children": {
                "TrainerController._reset_env": {
                    "total": 22.138818399999998,
                    "count": 1,
                    "self": 22.138818399999998
                },
                "TrainerController.advance": {
                    "total": 65.20340870000028,
                    "count": 3561,
                    "self": 0.06010640000039302,
                    "children": {
                        "env_step": {
                            "total": 65.14330229999989,
                            "count": 3561,
                            "self": 61.475308099999765,
                            "children": {
                                "SubprocessEnvManager._take_step": {
                                    "total": 3.6025174000001527,
                                    "count": 3561,
                                    "self": 0.12251889999952326,
                                    "children": {
                                        "TFPolicy.evaluate": {
                                            "total": 3.4799985000006295,
                                            "count": 3561,
                                            "self": 3.4799985000006295
                                        }
                                    }
                                },
                                "workers": {
                                    "total": 0.06547679999997413,
                                    "count": 3560,
                                    "self": 0.0,
                                    "children": {
                                        "worker_root": {
                                            "total": 68.60867909999972,
                                            "count": 3560,
                                            "is_parallel": true,
                                            "self": 11.547256599999415,
                                            "children": {
                                                "steps_from_proto": {
                                                    "total": 0.0006626999999994609,
                                                    "count": 1,
                                                    "is_parallel": true,
                                                    "self": 0.00030789999999925044,
                                                    "children": {
                                                        "_process_vector_observation": {
                                                            "total": 0.0003548000000002105,
                                                            "count": 4,
                                                            "is_parallel": true,
                                                            "self": 0.0003548000000002105
                                                        }
                                                    }
                                                },
                                                "UnityEnvironment.step": {
                                                    "total": 57.060759800000305,
                                                    "count": 3560,
                                                    "is_parallel": true,
                                                    "self": 0.3536080000007189,
                                                    "children": {
                                                        "UnityEnvironment._generate_step_input": {
                                                            "total": 0.7007964000003426,
                                                            "count": 3560,
                                                            "is_parallel": true,
                                                            "self": 0.7007964000003426
                                                        },
                                                        "communicator.exchange": {
                                                            "total": 54.420330899999804,
                                                            "count": 3560,
                                                            "is_parallel": true,
                                                            "self": 54.420330899999804
                                                        },
                                                        "steps_from_proto": {
                                                            "total": 1.5860244999994393,
                                                            "count": 3560,
                                                            "is_parallel": true,
                                                            "self": 0.7814125999999,
                                                            "children": {
                                                                "_process_vector_observation": {
                                                                    "total": 0.8046118999995393,
                                                                    "count": 14240,
                                                                    "is_parallel": true,
                                                                    "self": 0.8046118999995393
                                                                }
                                                            }
                                                        }
                                                    }
                                                }
                                            }
                                        }
                                    }
                                }
                            }
                        }
                    }
                },
                "trainer_threads": {
                    "total": 3.560000000391028e-05,
                    "count": 1,
                    "self": 3.560000000391028e-05,
                    "children": {
                        "thread_root": {
                            "total": 0.0,
                            "count": 0,
                            "is_parallel": true,
                            "self": 0.0,
                            "children": {
                                "trainer_advance": {
                                    "total": 64.55615729999933,
                                    "count": 32184,
                                    "is_parallel": true,
                                    "self": 1.508240699999405,
                                    "children": {
                                        "process_trajectory": {
                                            "total": 63.04791659999992,
                                            "count": 32184,
                                            "is_parallel": true,