{
    "name": "root",
    "gauges": {
        "Dog.Policy.Entropy.mean": {
            "value": 2.0440657138824463,
            "min": 2.0440657138824463,
            "max": 2.196901559829712,
            "count": 8
        },
        "Dog.Policy.ExtrinsicValueEstimate.mean": {
            "value": -0.05073538050055504,
            "min": -0.08086447417736053,
            "max": -0.05073538050055504,
            "count": 8
        },
        "Dog.Policy.CuriosityValueEstimate.mean": {
            "value": 0.2749170958995819,
            "min": -0.030689602717757225,
            "max": 0.2749170958995819,
            "count": 8
        },
        "Dog.Environment.EpisodeLength.mean": {
            "value": 989.5,
            "min": 825.5,
            "max": 990.7,
            "count": 8
        },
        "Dog.Environment.CumulativeReward.mean": {
            "value": -0.20900002075359225,
            "min": -0.4225000356324017,
            "max": 0.014818172139877623,
            "count": 8
        },
        "Dog.Policy.ExtrinsicReward.mean": {
            "value": -0.20900002075359225,
            "min": -0.4225000356324017,
            "max": 0.014818172139877623,
            "count": 8
        },
        "Dog.Policy.CuriosityReward.mean": {
            "value": 6.099228735268116,
            "min": 0.0004867228086699139,
            "max": 6.099228735268116,
            "count": 8
        },
        "Dog.Losses.ValueLoss.mean": {
            "value": 0.0027750669978559017,
            "min": 0.0013719054404646158,
            "max": 0.003410703269764781,
            "count": 8
        },
        "Dog.Losses.PolicyLoss.mean": {
            "value": 0.13983753323554993,
            "min": 0.12771548330783844,
            "max": 0.1420898139476776,
            "count": 8
        },
        "Dog.Policy.LearningRate.mean": {
            "value": 0.00029999998514540493,
            "min": 0.00029999998514540493,
            "max": 0.0003000000142492354,
            "count": 8
        },
        "Dog.Policy.Epsilon.mean": {
            "value": 0.20000003278255463,
            "min": 0.20000003278255463,
            "max": 0.20000004768371582,
            "count": 8
        },
        "Dog.Policy.Beta.mean": {
            "value": 0.004999999422580004,
            "min": 0.004999999422580004,
            "max": 0.004999999888241291,
            "count": 8
        },
        "Dog.Losses.CuriosityForwardLoss.mean": {
            "value": 0.23547101020812988,
            "min": 0.034216754138469696,
            "max": 0.23547101020812988,
            "count": 8
        },
        "Dog.Losses.CuriosityInverseLoss.mean": {
            "value": 0.8914086818695068,
            "min": 0.8389225602149963,
            "max": 2.180368185043335,
            "count": 8
        },
        "Dog.IsTraining.mean": {
            "value": 1.0,
            "min": 1.0,
            "max": 1.0,
            "count": 8
        }
    },
    "metadata": {
        "timer_format_version": "0.1.0",
        "start_time_seconds": "1608393503",
        "python_version": "3.7.0 (v3.7.0:1bf9cc5093, Jun 27 2018, 04:59:51) [MSC v.1914 64 bit (AMD64)]",
        "command_line_arguments": "C:\\Users\\witse\\AppData\\Local\\Programs\\Python\\Python37\\Scripts\\mlagents-learn Dog.yml --run-id Wrun_3",
        "mlagents_version": "0.21.1",
        "mlagents_envs_version": "0.21.1",
        "communication_protocol_version": "1.2.0",
        "tensorflow_version": "2.3.1",
        "numpy_version": "1.18.5",
        "end_time_seconds": "1608394530"
    },
    "total": 1026.9415414,
    "count": 1,
    "self": 0.006193500000108543,
    "children": {
        "run_training.setup": {
            "total": 0.0070765999999999885,
            "count": 1,
            "self": 0.0070765999999999885
        },
        "TrainerController.start_learning": {
            "total": 1026.9282713,
            "count": 1,
            "self": 2.21370719999004,
            "children": {
                "TrainerController._reset_env": {
                    "total": 14.431803200000001,
                    "count": 1,
                    "self": 14.431803200000001
                },
                "TrainerController.advance": {
                    "total": 1009.8056394000099,
                    "count": 84588,
                    "self": 1.0180102000258557,
                    "children": {
                        "env_step": {
                            "total": 1008.787629199984,
                            "count": 84588,
                            "self": 949.0721683999807,
                            "children": {
                                "SubprocessEnvManager._take_step": {
                                    "total": 58.65821120000696,
                                    "count": 84588,
                                    "self": 1.8773769000141556,
                                    "children": {
                                        "TFPolicy.evaluate": {
                                            "total": 56.780834299992804,
                                            "count": 84521,
                                            "self": 56.780834299992804
                                        }
                                    }
                                },
                                "workers": {
                                    "total": 1.057249599996375,
                                    "count": 84587,
                                    "self": 0.0,
                                    "children": {
                                        "worker_root": {
                                            "total": 1011.2947095000117,
                                            "count": 84587,
                                            "is_parallel": true,
                                            "self": 134.63163880001855,
                                            "children": {
                                                "steps_from_proto": {
                                                    "total": 0.00038250000000061846,
                                                    "count": 1,
                                                    "is_parallel": true,
                                                    "self": 0.00018520000000243897,
                                                    "children": {
                                                        "_process_vector_observation": {
                                                            "total": 0.0001972999999981795,
                                                            "count": 4,
                                                            "is_parallel": true,
                                                            "self": 0.0001972999999981795
                                                        }
                                                    }
                                                },
                                                "UnityEnvironment.step": {
                                                    "total": 876.6626881999931,
                                                    "count": 84587,
                                                    "is_parallel": true,
                                                    "self": 6.616737000001194,
                                                    "children": {
                                                        "UnityEnvironment._generate_step_input": {
                                                            "total": 4.5120579999936545,
                                                            "count": 84587,
                                                            "is_parallel": true,
                                                            "self": 4.5120579999936545
                                                        },